time,ax (m/s^2),ay (m/s^2),az (m/s^2),aT (m/s^2)
0.001932,-0.0113,0.0137,-0.0624,0.065
0.006322,0.0029,-0.0157,-0.0263,0.031
0.019044,0.0197,0.0058,0.0240,0.032
0.026679,-0.0141,-0.0062,0.0335,0.037
0.039522,-0.0237,-0.0063,0.0048,0.025
0.046151,-0.0477,-0.0160,0.0025,0.050
0.059740,0.0227,0.0012,-0.0192,0.030
0.065997,0.0321,-0.0035,-0.0288,0.043
0.079003,0.0179,-0.0058,-0.0647,0.067
0.085835,0.0031,-0.0105,-0.0815,0.082
0.099109,0.0320,-0.0009,-0.0432,0.054
0.105612,0.0144,-0.0250,-0.0407,0.050
0.119662,-0.0319,-0.0083,-0.0168,0.037
0.126442,-0.0363,-0.0085,-0.0335,0.050
0.139400,-0.0170,-0.0181,0.0024,0.025
0.146148,-0.0045,0.0038,0.0047,0.008
0.159676,-0.0039,0.0159,-0.0121,0.020
0.167026,0.0131,0.0327,-0.0169,0.039
0.179659,0.0303,-0.0014,-0.0288,0.042
0.186144,0.0132,-0.0258,-0.0071,0.030
0.199606,-0.0015,-0.0211,-0.0406,0.046
0.206325,-0.0229,0.0195,-0.0142,0.033
0.219332,-0.0060,-0.0118,-0.0046,0.014
0.226977,-0.0612,0.0049,0.0313,0.069
0.240297,0.0619,-0.0071,0.0337,0.071
0.246442,0.0043,0.0073,0.0313,0.032
0.259705,-0.0266,-0.0190,-0.0765,0.083
0.265995,-0.0500,0.0196,-0.0574,0.079
0.279204,0.0348,-0.0023,-0.0550,0.065
0.286944,0.0131,0.0097,-0.0191,0.025
0.299848,0.0007,0.0145,-0.0023,0.015
0.306966,-0.0041,0.0352,0.0338,0.049
0.319481,0.0437,0.0462,0.0340,0.072
0.326456,0.0452,0.0209,0.0176,0.053
0.339120,-0.0277,-0.0354,-0.0396,0.060
0.346341,0.0056,-0.0409,-0.0514,0.066
0.359608,0.0051,-0.0839,-0.0251,0.088
0.366252,0.0356,-0.0492,-0.0157,0.063
0.378940,-0.0278,0.0026,0.0103,0.030
0.386007,-0.0348,-0.0203,0.0149,0.043
0.399757,-0.0151,-0.0285,0.0194,0.038
0.405980,-0.0289,0.0161,0.0071,0.034
0.419990,-0.0160,-0.0164,-0.0387,0.045
0.425946,-0.0319,-0.0037,-0.0508,0.060
0.439633,-0.0186,-0.0127,-0.0558,0.060
0.446804,0.0254,0.0068,-0.0295,0.040
0.459562,0.0182,-0.0076,-0.0200,0.028
0.466111,0.0087,-0.0004,-0.0152,0.017
0.479918,0.0281,0.0045,0.0063,0.029
0.486260,0.0353,-0.0123,-0.0032,0.038
0.498857,0.0103,0.0142,-0.0152,0.023
0.505816,-0.0162,0.0022,-0.0391,0.042
0.519347,-0.0166,0.0020,-0.0415,0.045
0.525749,-0.0330,-0.0005,-0.0319,0.046
0.539286,-0.0113,-0.0105,-0.0102,0.019
0.545688,-0.0018,0.0158,0.0041,0.016
0.559529,-0.0109,-0.0109,-0.0054,0.016
0.565707,0.0110,-0.0134,-0.0054,0.018
0.579835,0.0206,-0.0063,-0.0269,0.034
0.586019,0.0159,-0.0110,-0.0317,0.037
0.600163,-0.0131,-0.0109,-0.0437,0.047
0.606231,0.0060,-0.0084,-0.0437,0.045
0.619433,-0.0012,-0.0107,-0.0150,0.018
0.626431,-0.0059,0.0012,-0.0365,0.037
0.640092,-0.0322,-0.0013,-0.0270,0.042
0.646073,-0.0197,0.0106,-0.0222,0.032
0.660282,0.0072,-0.0089,-0.0149,0.019
0.667248,0.0029,-0.0162,-0.0221,0.028
0.679743,0.0220,0.0125,-0.0125,0.028
0.686904,0.0146,-0.0022,-0.0268,0.031
0.699606,0.0118,0.0048,-0.0052,0.014
0.705786,0.0162,0.0214,-0.0052,0.027
0.719970,0.0207,-0.0054,-0.0074,0.023
0.726296,0.0055,-0.0010,-0.0121,0.013
0.739430,0.0122,-0.0155,-0.0121,0.023
0.746419,0.0017,0.0060,-0.0097,0.012
0.759683,0.0107,-0.0108,-0.0479,0.050
0.766336,-0.0210,-0.0109,-0.0383,0.045
0.780164,0.0005,0.0131,-0.0311,0.034
0.785697,0.0006,-0.0036,-0.0359,0.036
0.799843,-0.0113,-0.0085,-0.0431,0.045
0.806142,0.0007,-0.0037,-0.0192,0.020
0.818804,0.0152,0.0106,-0.0000,0.019
0.825903,-0.0040,-0.0326,0.0168,0.037
0.840225,0.0175,-0.0086,-0.0072,0.021
0.848714,0.0056,0.0009,-0.0072,0.009
0.859751,0.0033,-0.0015,-0.0263,0.027
0.866239,-0.0303,-0.0087,-0.0311,0.044
0.880106,0.0032,-0.0016,-0.0191,0.019
0.885915,-0.0041,-0.0184,-0.0239,0.030
0.899427,0.0130,-0.0156,0.0024,0.020
0.906313,0.0105,0.0011,-0.0024,0.011
0.919469,0.0033,-0.0013,-0.0096,0.010
0.925754,0.0058,0.0059,-0.0335,0.035
0.939846,0.0179,-0.0181,-0.0216,0.033
0.948515,0.0151,0.0036,-0.0360,0.039
0.959860,0.0121,0.0036,-0.0335,0.036
0.966831,-0.0125,-0.0014,-0.0359,0.038
0.980159,-0.0244,0.0105,-0.0263,0.037
0.987169,-0.0123,-0.0111,-0.0143,0.022
0.999541,-0.0003,-0.0112,-0.0071,0.013
1.006702,-0.0003,-0.0064,-0.0286,0.029
1.019723,0.0022,-0.0040,-0.0167,0.017
1.026455,0.0141,0.0103,-0.0119,0.021
1.039539,0.0093,-0.0041,-0.0190,0.022
1.046011,0.0116,-0.0257,-0.0166,0.033
1.058586,-0.0003,-0.0089,-0.0310,0.032
1.066342,-0.0080,-0.0039,-0.0239,0.025
1.081358,-0.0053,0.0033,-0.0191,0.020
1.085759,0.0018,-0.0159,-0.0047,0.017
1.099987,-0.0174,-0.0059,-0.0144,0.023
1.106217,-0.0003,0.0016,-0.0169,0.017
1.119227,0.0022,-0.0080,-0.0264,0.028
1.126300,-0.0169,-0.0057,-0.0216,0.028
1.140048,-0.0021,-0.0103,-0.0241,0.026
1.146165,0.0027,0.0136,-0.0264,0.030
1.159104,0.0170,-0.0056,-0.0312,0.036
1.166094,0.0290,-0.0008,-0.0121,0.031
1.178778,0.0140,-0.0130,0.0024,0.019
1.185697,0.0230,0.0134,-0.0072,0.028
1.200101,0.0197,-0.0059,-0.0119,0.024
1.206149,0.0022,-0.0012,-0.0071,0.008
1.219135,0.0042,0.0011,-0.0214,0.022
1.225861,-0.0107,0.0081,-0.0046,0.014
1.239336,-0.0033,0.0009,0.0002,0.003
1.246250,-0.0111,-0.0089,-0.0165,0.022
1.259189,-0.0182,0.0054,-0.0093,0.021
1.265729,-0.0085,-0.0089,-0.0094,0.015
1.278874,-0.0085,0.0029,-0.0093,0.013
1.285803,0.0036,-0.0354,-0.0213,0.041
1.302064,0.0111,-0.0206,-0.0238,0.033
1.306477,-0.0175,-0.0273,-0.0287,0.043
1.319704,-0.0148,0.0067,-0.0312,0.035
1.326048,-0.0077,-0.0005,0.0023,0.008
1.338755,-0.0071,0.0237,-0.0025,0.025
1.346857,-0.0066,0.0379,-0.0049,0.039
1.359475,-0.0228,0.0109,-0.0287,0.038
1.366529,-0.0054,0.0125,-0.0286,0.032
1.380268,-0.0047,0.0117,-0.0284,0.031
1.386066,0.0127,-0.0298,-0.0163,0.036
1.400790,0.0082,0.0009,-0.0210,0.023
1.405735,0.0179,-0.0088,-0.0186,0.027
1.420249,0.0110,-0.0136,-0.0019,0.018
1.425869,0.0038,-0.0040,-0.0090,0.011
1.439648,0.0158,-0.0065,0.0101,0.020
1.445695,0.0082,-0.0016,-0.0258,0.027
1.459239,-0.0089,-0.0183,-0.0162,0.026
1.466219,0.0009,0.0056,-0.0066,0.009
1.478839,-0.0061,0.0128,-0.0162,0.022
1.485682,-0.0012,-0.0136,-0.0354,0.038
1.502762,0.0109,-0.0280,-0.0138,0.033
1.506114,-0.0088,-0.0086,-0.0306,0.033
1.520647,0.0079,-0.0061,-0.0115,0.015
1.525694,0.0220,-0.0107,-0.0019,0.025
1.538946,0.0048,-0.0127,0.0004,0.014
1.546078,0.0094,0.0021,-0.0117,0.015
1.559227,0.0019,-0.0073,-0.0332,0.034
1.566549,-0.0034,-0.0119,-0.0309,0.033
1.578791,-0.0055,-0.0118,-0.0453,0.047
1.585774,-0.0177,-0.0066,-0.0406,0.045
1.599576,-0.0127,0.0058,-0.0263,0.030
1.605994,-0.0074,-0.0111,-0.0119,0.018
1.619770,0.0262,-0.0208,0.0049,0.034
1.625952,0.0310,-0.0040,-0.0023,0.031
1.639304,0.0160,-0.0085,-0.0143,0.023
1.645585,-0.0159,0.0063,-0.0431,0.046
1.659016,0.0056,-0.0034,-0.0575,0.058
1.666053,-0.0062,0.0014,-0.0383,0.039
1.680041,0.0031,0.0011,-0.0071,0.008
1.686091,-0.0064,0.0082,0.0144,0.018
1.700777,-0.0115,0.0101,0.0050,0.016
1.705730,-0.0186,-0.0019,0.0026,0.019
1.719177,0.0012,0.0050,-0.0285,0.029
1.725692,-0.0132,-0.0118,-0.0572,0.060
1.739643,0.0182,-0.0074,-0.0428,0.047
1.745613,-0.0033,-0.0074,-0.0356,0.037
1.758796,0.0039,-0.0194,-0.0212,0.029
1.766479,0.0304,-0.0099,-0.0260,0.041
1.779228,0.0139,-0.0052,-0.0021,0.015
1.785747,0.0110,0.0069,-0.0332,0.036
1.799685,-0.0112,-0.0076,0.0076,0.015
1.805828,-0.0234,-0.0147,-0.0140,0.031
1.819334,-0.0212,-0.0098,0.0028,0.024
1.825990,0.0007,0.0001,-0.0165,0.017
1.839710,0.0036,-0.0020,-0.0142,0.015
1.846409,0.0037,-0.0067,-0.0238,0.025
1.860275,0.0180,0.0029,-0.0238,0.030
1.868820,0.0086,-0.0234,-0.0262,0.036
1.879019,0.0034,-0.0112,-0.0166,0.020
1.885730,0.0103,-0.0110,-0.0047,0.016
1.898765,0.0008,0.0082,-0.0167,0.019
1.905616,-0.0211,0.0036,0.0144,0.026
1.920176,-0.0329,0.0013,-0.0239,0.041
1.926527,-0.0375,-0.0084,-0.0287,0.048
1.938723,-0.0100,0.0036,-0.0311,0.033
1.945984,-0.0117,0.0059,-0.0359,0.038
1.958916,0.0132,-0.0184,-0.0311,0.038
1.966226,-0.0055,-0.0161,0.0096,0.020
1.979399,-0.0052,-0.1237,0.0144,0.125
1.986123,-0.0071,-0.2820,0.0379,0.285
1.999313,-0.0641,-0.6159,0.0868,0.625
2.005991,0.1048,-1.3940,0.0144,1.398
2.022681,0.2087,-2.5993,0.2687,2.622
2.025627,-0.2557,-2.3624,0.1937,2.384
2.039934,-0.5251,-2.1280,-0.4766,2.243
2.046198,-0.4004,-1.9846,-0.6456,2.125
2.059188,1.8189,-0.9833,-0.4775,2.122
2.066120,0.0607,-1.8799,0.1832,1.890
2.078837,-0.1538,-1.7809,-0.4297,1.838
2.085642,-0.7277,-2.0746,-0.5757,2.273
2.100266,0.0920,-2.1346,1.2457,2.473
2.105871,-0.2186,-1.7094,-0.0324,1.724
2.120427,-0.0397,-1.7790,0.0079,1.779
2.125748,-0.1485,-1.5266,0.5316,1.623
2.138772,-0.3499,-1.6080,-0.1704,1.654
2.145570,-0.0752,-1.9194,-0.5983,2.012
2.159103,-0.4152,-2.1561,0.5219,2.257
2.166265,-0.7795,-1.9010,0.0337,2.055
2.179050,-0.0867,-1.7535,-0.8327,1.943
2.186336,-0.4133,-1.8807,-0.4934,1.988
2.199538,0.4455,-1.8968,0.5291,2.019
2.206222,-0.0591,-1.9613,-0.2819,1.982
2.220527,-0.0660,-1.7292,-0.8247,1.917
2.226703,0.6372,-1.6847,0.1674,1.809
2.239199,0.1280,-1.3460,-0.1401,1.359
2.245530,-0.5296,-2.2200,-1.2243,2.590
2.259094,0.7150,-1.8265,1.5376,2.492
2.266260,-0.6140,-2.1740,-0.0582,2.260
2.279874,-0.6349,-1.4408,-0.4685,1.643
2.287407,-0.3838,-1.9262,0.0417,1.964
2.298991,0.5031,-2.3779,0.7041,2.530
2.305959,0.5737,-1.8000,1.1033,2.188
2.320302,-0.1377,-1.9769,-0.8481,2.156
2.325781,-0.1819,-1.8007,-0.3290,1.840
2.339371,-0.6743,-1.8261,-0.4343,1.994
2.346013,0.0277,-1.6758,0.2068,1.689
2.358894,-0.4405,-1.3568,0.8047,1.638
2.366080,0.2702,-2.0926,0.6772,2.216
2.379491,0.0667,-1.5308,0.3729,1.577
2.385888,-0.5534,-2.1377,-0.9419,2.401
2.400450,-0.5322,-1.9385,-1.3420,2.417
2.405716,0.2768,-1.9184,1.6099,2.520
2.421454,-0.1863,-1.6104,-1.1054,1.962
2.425700,0.2615,-2.2748,0.3337,2.314
2.438771,-0.6773,-1.6883,-1.7890,2.551
2.445731,0.0316,-1.9061,0.9736,2.141
2.459122,0.4875,-1.9272,1.1920,2.318
2.466005,-0.1663,-2.0307,0.5488,2.110
2.479039,0.0264,-1.5174,-0.7440,1.690
2.486118,-0.0080,-1.9863,1.0801,2.261
2.499212,-0.2258,-1.9357,-0.3364,1.978
2.505893,-0.6649,-1.3431,-2.5392,2.949
2.523156,-0.2242,-1.6638,-0.4497,1.738
2.525870,-0.5884,-2.3739,0.3508,2.471
2.539196,0.2271,-1.6656,1.6429,2.351
2.546024,1.0233,-1.2448,1.0818,1.941
2.558600,0.5370,-2.0252,0.9827,2.314
2.565620,0.1419,-2.2282,-1.1135,2.495
2.579949,-0.7337,-1.9189,1.1563,2.357
2.585891,-1.0771,-0.4091,-2.4298,2.689
2.599258,-1.0350,-1.7758,-1.7669,2.710
2.605670,0.4129,-1.8628,0.6953,2.031
2.619770,0.3534,-1.3756,0.1893,1.433
2.625857,0.2081,-2.2258,-0.2673,2.251
2.639691,-0.6283,-0.9156,-3.1244,3.316
2.645563,0.1155,-0.9988,0.5032,1.124
2.658870,-1.2044,-1.9183,-0.2413,2.278
2.666444,0.4195,-1.6911,1.2611,2.151
2.679209,-0.3142,-2.1096,-0.5193,2.195
2.685423,-0.2440,-2.0967,-0.5235,2.175
2.700416,-0.8505,-2.4222,-0.5448,2.624
2.706622,0.0350,-1.7266,-0.3320,1.759
2.718896,-0.1393,-2.2802,1.5772,2.776
2.725783,-0.5951,-0.5953,-1.7063,1.903
2.738661,-0.2560,-2.2361,1.4267,2.665
2.745879,-0.1891,-1.6070,0.4573,1.681
2.759495,0.7737,-1.8294,0.4934,2.047
2.766117,-0.8550,-1.4815,-1.4931,2.270
2.779273,0.2928,-1.4796,-0.2906,1.536
2.785632,0.0310,-1.7321,0.1722,1.741
2.798981,-0.0595,-1.0009,-0.8388,1.307
2.806157,0.0548,-2.0565,0.7320,2.184
2.821241,-0.3743,-2.1282,0.0697,2.162
2.825758,-1.9395,-0.9199,-2.7131,3.460
2.838989,0.1893,-1.7616,2.0767,2.730
2.846108,-0.4105,-1.2537,-1.4853,1.987
2.859073,0.8169,-1.9118,3.5241,4.092
2.865970,0.9115,-1.8602,1.9578,2.850
2.879050,-0.1799,-1.2394,3.5420,3.757
2.885944,0.1183,-2.2265,0.2565,2.244
2.899132,0.4948,-2.0888,-2.7054,3.454
2.906733,0.9372,-1.0647,1.2006,1.858
2.919266,-0.8498,-1.5964,-0.5424,1.888
2.925919,0.3173,-1.1188,0.6345,1.325
2.940464,-1.9054,-2.1330,0.3474,2.881
2.945965,0.0463,-1.6446,-1.1505,2.008
2.958226,-0.1466,-0.8271,-1.0020,1.308
2.965955,-1.4199,-1.9378,-0.5283,2.460
2.979061,-0.1088,-1.3074,-1.1389,1.737
2.985927,-0.9045,-1.7446,0.3705,2.000
2.999821,0.4223,-1.5391,-1.0902,1.933
3.007003,0.2143,-2.1396,-0.4445,2.196
3.019230,0.6538,-2.4469,2.4233,3.505
3.025897,-0.7841,-1.9767,-6.8762,7.198
3.039091,0.5751,-2.0881,-2.3290,3.180
3.045893,-0.3519,-1.9444,0.7580,2.116
3.059080,2.2481,-2.6341,-7.4707,8.234
3.066867,6.7344,11.5375,20.6781,24.618
3.079679,1.0749,-3.4493,3.1612,4.801
3.085965,12.4792,-7.9020,0.9172,14.799
3.098878,-0.0163,-1.4442,-10.9819,11.076
3.106947,-5.6521,0.0250,14.4988,15.562
3.119954,-6.6770,-18.0907,53.9711,57.313
3.126418,0.3230,-12.3515,-1.9971,12.516
3.140359,-0.0593,10.3099,-4.2690,11.159
3.146029,-3.7650,8.7372,0.3245,9.519
3.159904,-1.6548,-0.9181,-4.4014,4.791
3.165722,-1.1404,0.6147,-9.8479,9.933
3.179409,0.5162,4.0418,-9.7809,10.596
3.186306,-0.6818,3.5010,-16.5134,16.894
3.199180,0.2726,1.5284,-7.2489,7.413
3.209038,-0.5537,1.9339,-6.2421,6.558
3.218739,-1.5187,0.9961,-10.8677,11.018
3.225678,-0.1997,1.3881,-7.1341,7.271
3.241805,0.2106,1.5665,-7.2867,7.456
3.246052,-1.2079,0.6493,-9.0636,9.167
3.259659,0.5317,0.8267,-6.3936,6.469
3.265667,-6.8311,-11.7555,60.1173,61.636
3.279084,-0.7497,0.5212,-13.3855,13.417
3.285694,-0.1492,6.7146,4.0029,7.819
3.300215,-0.9137,3.8184,-2.7825,4.812
3.306133,0.6421,1.7616,-3.2083,3.716
3.320057,-1.3849,2.0774,-5.6973,6.220
3.326178,1.3344,2.6273,-2.0827,3.608
3.339517,-1.9183,2.0992,-5.1442,5.878
3.346486,-0.6550,1.7104,-4.3937,4.760
3.359350,-1.8366,1.2190,-9.4100,9.665
3.365767,0.1624,1.3228,-5.9857,6.132
3.379101,-0.2251,1.0030,-6.2223,6.307
3.386050,0.5638,1.4695,-6.4621,6.651
3.398901,-1.7355,-9.2563,61.8032,62.517
3.409878,-1.3867,-40.0731,0.0962,40.097
3.421100,-0.4084,4.7688,-3.5798,5.977
3.427938,3.7920,10.3676,-13.6947,17.590
3.443482,0.8577,2.4671,-4.8876,5.542
3.447066,1.9897,0.3595,-1.4707,2.500
3.460423,0.8942,2.0120,-3.6751,4.284
3.466990,1.0561,2.1571,-3.6764,4.391
3.481193,-0.0227,2.2888,-0.8449,2.440
3.486774,-2.0494,1.9613,-9.4629,9.879
3.499885,-0.0312,1.3444,-8.5404,8.646
3.508573,0.5674,1.9901,-2.1489,2.983
3.521282,-2.3595,-11.2592,46.7907,48.184
3.527506,1.3530,-10.9450,1.3833,11.115
3.542528,0.4138,6.4924,-9.3177,11.364
3.547459,0.2757,6.1170,-9.3487,11.175
3.560410,-0.4717,0.0747,-5.8951,5.914
3.566889,-0.5713,2.2567,-8.1312,8.458
3.580075,1.9128,2.3701,-1.9019,3.591
3.586969,-0.3571,1.9155,-5.2793,5.627
3.600411,1.2607,2.0927,-1.1869,2.716
3.608920,-0.3627,3.1149,-5.2868,6.147
3.620216,1.7377,-8.8967,53.3826,54.147
3.627860,3.2712,-16.9946,2.5307,17.491
3.643015,-1.0478,3.9896,11.1298,11.870
3.646621,-0.7825,6.0891,-22.0307,22.870
3.661037,0.1209,3.8374,-7.0118,7.994
3.666791,1.3265,0.9518,-2.7739,3.219
3.679967,1.8168,2.4747,0.4811,3.107
3.686842,-0.5071,2.3517,-6.8534,7.263
3.700653,1.1289,2.0609,-6.0668,6.506
3.707152,3.8925,-8.0624,54.6703,55.399
3.720306,4.4059,-5.5515,-5.3542,8.882
3.727928,-0.7897,1.6526,-13.7716,13.893
3.740393,0.3392,6.5551,-2.0464,6.875
3.747098,3.3116,2.9073,0.1582,4.410
3.759810,1.0354,3.0152,-5.2190,6.116
3.766618,1.4786,0.7392,-4.2349,4.546
3.780491,4.7208,-6.7156,52.0774,52.720
3.787302,2.9110,-3.4243,-7.9691,9.149
3.799710,0.9457,1.0103,-5.9458,6.105
3.806776,3.2028,5.7520,17.7220,18.905
3.821369,3.9847,4.6535,5.6243,8.317
3.828100,-0.1480,3.7568,1.6058,4.088
3.839763,5.2321,0.9169,21.2299,21.884
3.846948,0.9502,-2.0092,-1.0682,2.466
3.861483,4.1546,1.0113,17.2007,17.724
3.866999,-0.3874,1.1701,-13.8534,13.908
3.880274,2.4662,5.4484,12.1986,13.586
3.887560,-0.4173,2.8256,-18.6454,18.863
3.900247,0.2945,-1.0261,-9.3120,9.373
3.907070,0.7401,0.7670,-18.3160,18.347
3.920307,-0.2358,0.7375,-13.4345,13.457
3.926898,-0.0491,1.8296,-5.7500,6.034
3.940631,1.9567,-3.0000,0.3086,3.595
3.949010,0.6584,1.5142,-9.6538,9.794
3.960674,-1.4051,2.3264,-6.4838,7.030
3.966096,0.4387,3.4496,-3.7961,5.148
3.978887,-0.1901,1.3805,-2.1703,2.579
3.986097,2.7016,0.6337,-8.2119,8.668
3.999212,1.9266,-0.4922,-0.7528,2.126
4.006105,-1.0949,2.3589,-10.9939,11.297
4.020683,0.5947,0.1060,-20.9247,20.933
4.027208,-2.2289,-0.7711,-4.8916,5.431
4.039439,0.7288,0.9412,-9.2282,9.305
4.046059,-0.2419,0.8228,-7.5015,7.550
4.059315,1.6497,0.4460,1.8554,2.522
4.065767,2.0392,0.7420,-0.0767,2.171
4.079889,2.3507,0.6707,6.5647,7.005
4.086218,0.1079,0.7481,-2.0410,2.176
4.098961,0.1929,0.5024,-1.3292,1.434
4.105595,1.0311,1.0382,2.9192,3.265
4.120079,-0.4471,0.3491,-1.8159,1.902
4.126427,-1.0325,0.3501,2.0643,2.334
4.139361,30.5441,45.3890,22.5914,59.190
4.146184,-7.0820,-26.3833,-8.9621,28.750
4.159873,-0.6752,5.4161,-6.0482,8.147
4.165785,2.5797,0.1006,11.8966,12.174
4.180065,2.1814,-0.4829,-9.7678,10.020
4.185669,-7.5018,26.5540,-13.8196,30.861
4.199717,5.9115,-1.5598,-9.5204,11.314
4.205975,8.5793,-9.6839,-5.9734,14.250
4.218894,2.7786,-0.2454,-8.4344,8.884
4.228708,6.4377,0.9569,-15.3589,16.681
4.238777,5.4751,-1.9476,7.2091,9.260
4.245865,-1.3371,1.7545,-7.6772,7.988
4.261640,-1.5997,4.5940,0.1869,4.868
4.265695,-2.2908,4.5716,-7.1840,8.818
4.278889,1.9672,-0.7044,20.2863,20.394
4.286411,0.9831,1.7542,-10.5109,10.702
4.300996,-0.5612,-0.3465,-0.5425,0.854
4.305792,0.8481,0.4246,-9.6177,9.664
4.321018,0.0971,0.6925,2.0713,2.186
4.325839,-6.2258,-1.5664,8.6656,10.785
4.338021,0.8821,0.5716,-9.3212,9.380
4.351009,0.5263,0.8345,-4.3572,4.468
4.359044,-0.6539,1.2547,6.2084,6.368
4.365840,0.2220,0.3642,-5.4276,5.444
4.380144,-0.7153,0.2805,-5.4990,5.552
4.385754,-1.6044,0.9042,3.0666,3.577
4.398778,-0.9823,1.5119,4.4770,4.826
4.405598,-0.3079,0.4749,-1.2242,1.349
4.420027,-1.1400,0.7242,3.4191,3.676
4.425901,-1.0792,0.5636,0.7524,1.431
4.439895,-0.9813,0.3804,0.9466,1.416
4.446058,-0.9462,0.1158,1.1383,1.485
4.459596,-0.3547,0.2531,2.3246,2.365
4.465873,1.1360,1.1069,1.5073,2.188
4.479186,1.2717,0.4566,-10.1476,10.237
4.486048,-4.8012,-0.0825,5.7734,7.509
4.499222,0.9395,0.3477,3.5208,3.661
4.506222,-0.0636,0.1584,-0.1459,0.225
4.518865,-0.0975,0.7989,2.3580,2.492
4.525811,-0.5462,0.2229,0.9084,1.083
4.538842,0.1619,0.7088,1.5811,1.740
4.545799,0.7711,0.9881,-2.2851,2.606
4.559617,0.6022,1.1242,2.3693,2.691
4.565780,1.4258,0.7894,1.7004,2.355
4.579420,0.7699,0.3693,-1.8483,2.036
4.586075,1.1140,0.5092,-8.6781,8.764
4.598907,-0.2224,0.1613,0.3582,0.451
4.605765,0.9802,0.7435,-0.3428,1.277
4.619414,0.9659,0.8582,-1.8634,2.268
4.625705,0.2896,0.4697,2.6813,2.737
4.638805,-0.6867,0.7468,3.7386,3.874
4.645801,-0.0446,0.3056,-2.3494,2.370
4.658810,-0.5141,0.5952,4.3836,4.454
4.665847,0.2689,0.9479,-2.5994,2.780
4.679269,0.2869,1.0543,2.4649,2.696
4.685649,-0.0190,0.4501,-4.9442,4.965
4.698948,0.5745,0.7642,1.1564,1.500
4.705464,-0.3496,0.5599,3.3689,3.433
4.719087,0.2620,0.6614,-1.7976,1.933
4.725593,0.0745,0.9057,1.8778,2.086
4.739678,0.4518,0.8402,-1.6991,1.949
4.746537,0.8517,0.6807,-1.5871,1.925
4.758759,0.9594,1.0175,0.4076,1.457
4.765873,-0.2787,0.8236,2.6676,2.806
4.781959,0.3107,0.5584,-4.6444,4.688
4.785751,0.0671,0.8195,-0.2798,0.869
4.799082,-0.3983,0.0482,-2.6096,2.640
4.805819,0.7713,0.3360,-5.2552,5.322
4.819083,-0.2290,0.6773,0.7025,1.002
4.825530,0.2000,0.7792,-2.0464,2.199
4.839058,0.5945,0.3998,-4.9329,4.985
4.846017,0.8099,0.6077,-0.3069,1.058
4.859497,1.3462,0.5884,-3.1715,3.495
4.866570,-0.0811,0.2323,0.1447,0.285
4.881408,0.0522,0.4783,-2.7499,2.792
4.885759,-0.4033,0.5152,-0.0549,0.657
4.898974,0.1582,0.6776,-0.6565,0.957
4.905940,-0.0082,0.7297,0.1265,0.741
4.919442,0.3433,0.9633,0.4660,1.124
4.926082,-0.1677,0.5739,-2.1815,2.262
4.939185,0.8536,0.9569,2.3006,2.634
4.946247,0.4066,0.7526,1.0964,1.391
4.959156,0.1981,0.5250,-2.3554,2.421
4.965773,0.7261,0.2533,-0.6455,1.004
4.982151,-0.6186,-0.0586,-1.0937,1.258
4.985817,-0.2723,0.3681,-2.1921,2.239
4.999011,-0.0629,0.3839,0.9789,1.053
5.005819,-0.1654,0.6917,-1.3225,1.502
5.018932,0.1241,0.5591,1.2689,1.392
5.025846,-0.8432,0.3809,2.6500,2.807
5.039344,0.8269,0.8969,0.8583,1.492
5.047033,-1.4993,0.2196,3.9531,4.234
5.058834,1.4662,0.9126,-1.4631,2.263
5.065744,1.1953,0.8071,-0.7640,1.632
5.080601,-0.6089,0.5284,-0.5272,0.963
5.085774,0.5639,0.9771,1.0305,1.528
5.099533,0.1275,0.5871,-1.0266,1.189
5.105760,0.7996,0.7466,-0.8835,1.406
5.119276,0.0512,0.7168,0.6987,1.002
5.125964,0.4075,0.8315,0.3155,0.978
5.138806,0.0886,0.7013,0.7155,1.006
5.146236,-0.1993,0.6285,-0.1947,0.688
5.159311,0.0836,0.7796,1.0961,1.348
5.165978,0.1097,0.7173,-0.0939,0.732
5.179559,0.4296,0.6063,-1.1444,1.365
5.185531,0.7233,0.8748,0.1055,1.140
5.198746,0.8795,0.3284,-0.6636,1.150
5.205812,-0.2094,0.3641,-1.3298,1.395
5.219392,0.0740,0.1933,-2.4409,2.450
5.226217,0.8787,0.7306,-2.7213,2.951
5.239465,0.2219,0.6752,1.8132,1.948
5.245858,0.5543,0.6424,-1.6390,1.846
5.259155,1.0386,1.0969,2.1107,2.596
5.265500,-0.4408,0.3337,2.1209,2.192
5.280642,0.9263,1.5142,8.6143,8.795
5.285567,-0.3885,-0.0052,-5.9589,5.972
5.299096,1.1210,0.8178,0.0905,1.391
5.305854,-0.0839,0.7176,0.1620,0.740
5.319049,0.7905,0.8126,0.6166,1.290
5.326316,-0.1994,0.6409,0.4057,0.784
5.339289,0.3057,0.5713,-0.4463,0.787
5.345699,0.3039,0.5712,-0.4466,0.786
5.359489,0.3461,0.8671,1.9115,2.127
5.366460,-0.4778,0.4645,0.7838,1.029
5.380773,0.2165,0.5997,-1.6053,1.727
5.385732,0.9730,0.8378,0.8300,1.529
5.400774,0.4535,0.7390,-0.1663,0.883
5.405554,0.0265,0.4112,-0.3557,0.544
5.419840,0.2378,0.5439,-3.3419,3.394
5.425838,0.1649,0.4960,0.6392,0.826
5.438743,0.2204,0.4619,-2.2221,2.280
5.445890,0.0310,0.5690,1.5268,1.630
5.460187,-0.2215,0.4435,-1.3768,1.463
5.465710,0.1624,0.3763,-0.1110,0.425
5.479136,0.4453,0.5374,-2.0435,2.159
5.485913,-0.3442,0.7817,2.2267,2.385
5.499142,-0.0000,0.7485,1.4508,1.633
5.505646,0.1296,0.6086,-0.9385,1.126
5.519184,0.3311,0.4847,-1.1361,1.279
5.526080,0.5186,0.6238,3.9595,4.042
5.539004,0.1908,0.6989,1.1861,1.390
5.546177,-0.4673,0.6908,2.1455,2.302
5.558806,0.1059,0.7409,1.3443,1.539
5.565812,-0.1228,0.7491,1.1826,1.405
5.579447,0.1160,0.5070,-0.9289,1.065
5.585709,0.4600,0.4296,0.2860,0.691
5.598945,0.2161,0.5901,0.8096,1.025
5.605922,0.2291,0.5106,-0.8027,0.979
5.618688,0.1774,0.7268,0.7823,1.082
5.625733,0.2097,0.6817,0.1261,0.724
5.640224,0.4619,0.5844,-0.3766,0.835
5.645663,0.4786,0.5946,-0.4963,0.910
5.658945,0.0867,0.6541,1.1934,1.364
5.667309,0.3770,0.5164,-1.1210,1.291
5.679149,-0.0476,0.6145,1.9729,2.067
5.687634,-0.1647,0.6127,1.4394,1.573
5.701692,0.0804,0.3385,-0.8518,0.920
5.705771,0.1893,0.6268,1.1352,1.311
5.718983,0.1146,0.6558,0.5352,0.854
5.725802,0.3032,0.6509,0.1092,0.726
5.739095,0.8116,0.5902,-1.0710,1.468
5.745676,0.5139,0.6464,0.7409,1.109
5.759248,0.1346,0.5458,0.2817,0.629
5.766426,0.1394,0.4928,-0.2214,0.558
5.779262,-0.3166,0.5405,1.6533,1.768
5.786184,1.2906,0.1185,-6.0726,6.209
5.801462,0.3448,0.8899,2.5039,2.680
5.805971,0.0967,0.7199,1.8203,1.960
5.820113,0.6029,0.4040,-1.7962,1.937
5.825996,0.7640,0.5619,-1.2407,1.562
5.839161,0.1529,0.3434,-0.3741,0.530
5.846169,-0.2347,0.3217,-1.5179,1.569
5.859129,0.1741,0.6445,0.0317,0.668
5.866595,0.0616,0.5353,-0.7181,0.898
5.879264,0.1763,0.5388,0.5312,0.777
5.885802,0.6717,0.2692,-2.1958,2.312
5.899891,-0.2011,0.6379,2.8824,2.959
5.905911,0.3085,0.4772,-0.7717,0.958
5.919959,0.7310,0.2315,-3.5393,3.621
5.926227,0.4420,0.3334,-0.5014,0.747
5.939528,0.1905,0.2595,-0.7265,0.795
5.946502,0.4321,0.1210,-0.9565,1.056
5.959732,-0.1370,1.0227,1.9543,2.210
5.967391,0.4354,1.2647,1.8947,2.319
5.979004,0.2239,0.6744,1.5928,1.744
5.986134,0.0054,0.3764,-1.9480,1.984
6.000820,0.1074,0.7300,1.5025,1.674
6.005667,-0.0004,0.4147,-0.7450,0.853
6.019109,0.0062,0.7664,0.4478,0.888
6.025624,0.1912,0.9978,1.7216,1.999
6.038789,0.1196,0.5899,2.6211,2.689
6.045893,0.6115,0.5039,-3.2853,3.380
6.059494,-0.2871,0.2920,-1.1219,1.194
6.067279,0.0172,0.3496,-0.2143,0.410
6.079201,0.4414,0.9900,2.2760,2.521
6.086046,0.6716,0.7140,2.4047,2.597
6.098927,-0.2884,0.2424,-3.2672,3.289
6.105555,0.2062,0.5534,0.2551,0.643
6.120499,0.4692,0.4038,-1.0690,1.235
6.126122,0.3220,0.9702,1.3527,1.696
6.139024,0.2557,0.7152,0.7617,1.076
6.145589,0.7337,0.8047,0.0218,1.089
6.158791,0.5240,0.4826,-0.0739,0.716
6.165768,-0.3322,0.0493,-0.0728,0.344
6.179656,-0.3538,-0.0295,0.0801,0.364
6.185778,0.7767,0.9497,1.2581,1.757
6.199204,-0.4645,0.0439,0.7387,0.874
6.205793,1.1425,1.0034,0.7849,1.711
6.219895,0.2433,0.5094,1.5608,1.660
6.226266,0.4609,0.3027,0.0377,0.553
6.239458,0.4166,0.5457,1.3429,1.508
6.245927,0.8328,-0.0897,0.4021,0.929
6.259143,0.4735,-0.0216,3.5338,3.565
6.265865,0.8159,0.2783,1.7658,1.965
6.279054,0.9023,0.1533,1.4912,1.750
6.285975,0.5852,-0.8207,-1.7274,2.000
6.299507,1.2159,-0.4512,2.7913,3.078
6.305733,0.1644,-0.6547,1.5044,1.649
6.320196,1.5072,-0.5370,3.6840,4.016
6.326043,2.3344,-1.1746,-1.9495,3.260
6.339083,2.2373,-1.5236,1.0178,2.892
6.346004,2.4228,-2.1050,-0.9845,3.357
6.359436,2.7742,-2.5465,-2.0485,4.287
6.365524,3.2787,6.7440,-12.0918,14.228
6.378914,-4.2653,-1.1290,6.0682,7.503
6.387796,-2.3142,0.4437,6.7663,7.165
6.398785,0.3673,0.6055,6.4121,6.451
6.405594,0.4896,0.2120,4.8873,4.916
6.420476,4.4256,13.5225,-16.5741,21.844
6.425866,-5.0685,0.7981,5.0353,7.189
6.438795,1.0770,0.0685,2.1912,2.442
6.445673,1.7156,-0.4484,0.1732,1.782
6.458718,-4.3478,0.4025,3.3424,5.499
6.465618,1.4028,-0.1114,2.3299,2.722
6.479183,1.1987,-0.1392,4.6418,4.796
6.485859,-1.9827,-0.3466,3.7579,4.263
6.498904,-0.2542,0.6473,2.5903,2.682
6.505835,0.0710,0.2118,-0.2938,0.369
6.520039,0.3240,0.2518,-1.6635,1.713
6.525811,0.1870,0.1218,-1.2560,1.276
6.539535,0.4705,0.0753,0.0410,0.478
6.545638,0.2166,0.1179,0.6442,0.690
6.559169,0.1842,0.2569,-0.8614,0.918
6.566026,0.0269,0.3043,-0.3187,0.441
6.578812,0.2417,0.1410,-1.4665,1.493
6.586222,-0.1871,0.2299,-0.0506,0.301
6.599176,-0.3368,-0.1618,-2.1453,2.178
6.605729,0.4124,0.0411,-3.7311,3.754
6.621505,-0.7750,-0.2445,2.7787,2.895
6.625516,-1.0507,-0.3966,1.8032,2.124
6.638842,-0.3844,-0.0260,0.7022,0.801
6.645683,-0.3704,-0.2051,-0.1894,0.464
6.659200,-0.4528,-0.1480,0.6476,0.804
6.665618,-0.1533,0.0917,0.4040,0.442
6.679052,-0.3189,-0.0551,-0.5961,0.678
6.687053,-0.2693,-0.0744,-0.2176,0.354
6.698797,-0.0648,-0.1007,-0.8354,0.844
6.705965,0.0107,0.0296,-0.7177,0.718
6.721066,-0.3811,-0.0995,-0.0907,0.404
6.725676,-0.3451,-0.1372,0.4443,0.579
6.738526,0.0975,0.3215,0.9538,1.011
6.745742,0.0002,-0.0676,-0.6179,0.622
6.758928,0.0055,-0.0647,-0.6159,0.619
6.765653,-0.3153,0.0350,-0.6528,0.726
6.779595,0.1793,0.1564,-0.2778,0.366
6.786700,-0.0550,0.1709,-0.2046,0.272
6.799187,-0.1182,0.1321,-0.1038,0.205
6.805507,-0.1047,0.0710,-0.2590,0.288
6.819255,-0.1658,0.0671,-0.1125,0.211
6.825628,-0.1370,0.1250,-0.1030,0.212
6.839769,0.0015,0.0737,-0.1552,0.172
6.846954,0.0512,0.1647,-0.0439,0.178
6.858878,0.0226,0.2629,-0.1013,0.283
6.866049,0.0250,0.2845,-0.1276,0.313
6.878803,0.0595,0.2777,-0.0673,0.292
6.885929,0.1033,0.2780,-0.0670,0.304
6.899941,0.1611,0.2972,-0.0477,0.341
6.906364,0.0943,0.2830,-0.0309,0.300
6.919550,-0.0175,0.4898,-0.0643,0.494
6.925526,0.0595,0.5191,-0.0762,0.528
6.939963,0.3014,0.6002,-0.0545,0.674
6.945661,0.3449,0.6956,-0.0374,0.777
6.959143,0.3986,0.6020,-0.0394,0.723
6.966016,0.3605,0.5900,-0.0427,0.693
6.978936,0.2915,0.5400,-0.0303,0.614
6.985391,0.1836,0.4746,-0.0375,0.510
6.999199,0.0766,0.3392,-0.0446,0.351
7.006078,0.1182,0.2795,-0.0058,0.304
7.019828,0.2258,0.3912,-0.0368,0.453
7.026004,0.2494,0.3503,-0.0080,0.430
7.039533,0.2314,0.3732,-0.0256,0.440
7.045013,0.2084,0.3224,-0.0242,0.385
7.058409,0.1326,0.2395,-0.0279,0.275
7.065031,0.0486,0.1661,-0.0508,0.180
7.078362,0.0818,0.1699,-0.0326,0.191
7.084637,0.0947,0.2093,-0.0336,0.232
7.097958,0.1635,0.1634,-0.0153,0.232
7.103978,0.1481,0.1764,-0.0143,0.231
7.117141,0.1157,0.1592,0.0006,0.197
7.124210,0.0884,0.1240,-0.0253,0.154
7.137367,-0.0031,0.0731,-0.0274,0.078
7.143693,0.0104,0.0793,-0.0316,0.086
7.156760,0.0467,0.0892,-0.0259,0.104
7.164013,0.0764,0.0974,-0.0201,0.125
7.176641,0.1013,0.0988,-0.0146,0.142
7.183854,0.0754,0.0766,-0.0141,0.108
7.197599,0.0351,0.0525,-0.0306,0.070
7.203623,0.0073,0.0294,-0.0208,0.037
7.217298,0.0021,0.0239,-0.0156,0.029
7.224289,0.0192,0.0362,-0.0438,0.060
7.237512,0.0462,0.0632,-0.0025,0.078
7.243646,0.0563,0.0639,-0.0188,0.087
7.257638,-0.6809,-0.0912,0.1156,0.697
7.263618,-0.1624,0.3449,0.7805,0.869
7.276862,-0.1549,0.0380,0.1974,0.254
7.283796,0.0240,-0.1039,-0.0446,0.116
7.297969,0.0282,-0.1034,-0.0427,0.115
7.304275,0.4437,0.0383,-0.0026,0.445
7.317615,0.1706,0.3053,-0.1135,0.368
7.325862,0.2457,0.4123,0.0985,0.490
